-- MySQL dump 10.13  Distrib 5.7.24, for Linux (x86_64)
--
-- Host: localhost    Database: lesstime
-- ------------------------------------------------------
-- Server version	5.7.24

/*!40101 SET @OLD_CHARACTER_SET_CLIENT=@@CHARACTER_SET_CLIENT */;
/*!40101 SET @OLD_CHARACTER_SET_RESULTS=@@CHARACTER_SET_RESULTS */;
/*!40101 SET @OLD_COLLATION_CONNECTION=@@COLLATION_CONNECTION */;
/*!40101 SET NAMES utf8 */;
/*!40103 SET @OLD_TIME_ZONE=@@TIME_ZONE */;
/*!40103 SET TIME_ZONE='+00:00' */;
/*!40014 SET @OLD_UNIQUE_CHECKS=@@UNIQUE_CHECKS, UNIQUE_CHECKS=0 */;
/*!40014 SET @OLD_FOREIGN_KEY_CHECKS=@@FOREIGN_KEY_CHECKS, FOREIGN_KEY_CHECKS=0 */;
/*!40101 SET @OLD_SQL_MODE=@@SQL_MODE, SQL_MODE='NO_AUTO_VALUE_ON_ZERO' */;
/*!40111 SET @OLD_SQL_NOTES=@@SQL_NOTES, SQL_NOTES=0 */;

--
-- Table structure for table `tb_cpxx`
--

DROP TABLE IF EXISTS `tb_cpxx`;
/*!40101 SET @saved_cs_client     = @@character_set_client */;
/*!40101 SET character_set_client = utf8 */;
CREATE TABLE `tb_cpxx` (
  `sjbh` varchar(20) NOT NULL,
  `cpbh` varchar(30) NOT NULL,
  `lx` int(11) DEFAULT NULL,
  `mc` varchar(20) DEFAULT NULL,
  `ms` varchar(50) DEFAULT NULL,
  `tp` varchar(200) DEFAULT NULL,
  `jg` double DEFAULT NULL,
  `ls` varchar(30) DEFAULT NULL,
  PRIMARY KEY (`cpbh`)
) ENGINE=InnoDB DEFAULT CHARSET=utf8;
/*!40101 SET character_set_client = @saved_cs_client */;

--
-- Dumping data for table `tb_cpxx`
--

LOCK TABLES `tb_cpxx` WRITE;
/*!40000 ALTER TABLE `tb_cpxx` DISABLE KEYS */;
INSERT INTO `tb_cpxx` VALUES ('sj20190302001','cp-sj20190302001-1-1',1,'发送111','微软阿斯蒂发生的111',NULL,NULL,NULL),('sj20190302001','cp-sj20190302001-1-11',1,'风格的和f\'g','大是大非阿斯蒂芬撒地方风格的岁的法国',NULL,NULL,NULL),('sj20190302001','cp-sj20190302001-1-12',1,'唐雨柔法国','从v想不想吃阿斯蒂 徐··',NULL,NULL,NULL),('sj20190302001','cp-sj20190302001-1-13',1,'发的噶反倒是','法国和德国和反对广泛的',NULL,NULL,NULL),('sj20190302001','cp-sj20190302001-1-14',1,'昆明陆军航空','胡富国计划骨结核 ',NULL,NULL,NULL),('sj20190302001','cp-sj20190302001-1-2',1,'的说法','委屈阿斯蒂芬阿斯蒂芬阿斯蒂111',NULL,NULL,NULL),('sj20190302001','cp-sj20190302001-1-3',1,'sda撒地方','二Sedgwick法国的风格的擦拭的发',NULL,NULL,NULL),('sj20190302001','cp-sj20190302001-1-4',1,'体育体育','栋福栋福敢死队风格栋福给对方 ',NULL,NULL,NULL),('sj20190302001','cp-sj20190302001-1-5',1,'二二','v岁的法国岁的法国撒地方撒地方大师傅栋福',NULL,NULL,NULL),('sj20190302001','cp-sj20190302001-1-7',1,'给儿童栋福','请问阿斯蒂芬阿斯蒂芬阿三阿斯蒂芬撒',NULL,NULL,NULL),('sj20190302001','cp-sj20190302001-1-8',1,'给很方便v你现场','阿三法分为是真的反对共对方是否合格多少',NULL,NULL,NULL),('sj20190302001','cp-sj20190302001-1-9',1,'二当时法国二万人','岁的法国暗室逢灯案说法请问饿阿斯蒂芬阿三',NULL,NULL,NULL),('sj20190302001','cp-sj20190302001-2-1',2,'去微软222','阿斯蒂芬阿斯蒂芬阿斯蒂芬阿斯蒂111','http://114.115.168.26:8080/images/sj20190302001/201903051554230.jpg',35.7,'cp-sj20190302001-1-3'),('sj20190302001','cp-sj20190302001-2-3',2,'的发生士大夫','房东沟通意见法国现场v从v下现场v ','http://114.115.168.26:8080/images/sj20190302001/201903051611031-141120163415-51.jpg',11,'cp-sj20190302001-1-11'),('sj20190305001','cp-sj20190305001-1-1',1,'烧烤类','新鲜食材,丰盛烤全羊,烤猪大餐.美食,美景,休闲好选择!',NULL,NULL,NULL),('sj20190305001','cp-sj20190305001-1-2',1,'粉类','牛肉酸辣粉,越南全牛汤粉,清爽肠粉,酸辣粉,牛肉酸辣粉等',NULL,NULL,NULL),('sj20190305001','cp-sj20190305001-1-3',1,'粥类','早餐粥,玉米粥,南瓜粥,虾粥,小米粥,瘦肉粥,八宝粥,田园时蔬粥,蔬菜粥,香菇鸡肉粥等',NULL,NULL,NULL),('sj20190305001','cp-sj20190305001-1-4',1,'酒水饮料','酒水可乐橙汁等饮品',NULL,NULL,NULL),('sj20190305001','cp-sj20190305001-1-5',1,'sadf','asdfsadfsa ',NULL,NULL,NULL),('sj20190305001','cp-sj20190305001-2-1',2,'碳烤生蚝','新鲜的生蚝，佐以黄油、大蒜水、辣椒等，在炭火上炙烤片刻，撒上适量盐调味即可食用。','http://114.115.168.26:8080/images/sj20190305001/201903061353470eb30f2442a7d933976d542aa84bd11372f001a5.jpg',7,'cp-sj20190305001-1-1'),('sj20190305001','cp-sj20190305001-2-10',2,'皮蛋瘦肉粥','皮蛋瘦肉粥','http://114.115.168.26:8080/images/sj20190305001/20190422202904storm.jpg',25.5,'cp-sj20190305001-1-3'),('sj20190305001','cp-sj20190305001-2-2',2,'肥牛',' 那么烧烤在夏天便是不二选择,据说这是深圳碳烤肥牛的鼻祖, 有口皆碑。','http://114.115.168.26:8080/images/sj20190305001/20190306135526timg.jpg',17.5,'cp-sj20190305001-1-1'),('sj20190305001','cp-sj20190305001-2-3',2,'掌中宝','碳火的,...这掌中宝,入味就不说了,一口一个脆!','http://114.115.168.26:8080/images/sj20190305001/20190306135634u=2764924148,478886964&fm=26&gp=0.jpg',15,'cp-sj20190305001-1-1'),('sj20190305001','cp-sj20190305001-2-4',2,'韭菜心','碳烤韭菜愿得一人心','http://114.115.168.26:8080/images/sj20190305001/20190306135805s6900231_149159303136346.jpg',10,'cp-sj20190305001-1-1'),('sj20190305001','cp-sj20190305001-2-5',2,'炒老友粉','酸辣可口的老友粉夏天吃着开胃，冬天吃着驱寒。','http://114.115.168.26:8080/images/sj20190305001/2019030613594196dda144ad34598252be5a0708f431adcbef846b.jpg',12,'cp-sj20190305001-1-2'),('sj20190305001','cp-sj20190305001-2-6',2,'炒伊面','炒伊面是一道以伊面、鸡腿菇、豆芽等为原料精心炒制而成的家常美食。','http://114.115.168.26:8080/images/sj20190305001/20190306140108ca1349540923dd54b1e82596d509b3de9d8248b1.jpg',12,'cp-sj20190305001-1-2'),('sj20190305001','cp-sj20190305001-2-7',2,'海鲜粥','海鲜粥是港台菜菜谱之一，以大米和虾仁等各类新鲜海产品为制作主料，海鲜粥的烹饪技巧以煮为主，口味属于咸','http://114.115.168.26:8080/images/sj20190305001/201903061402169345d688d43f8794631d8299d81b0ef41ad53aa3.jpg',39.9,'cp-sj20190305001-1-3'),('sj20190305001','cp-sj20190305001-2-8',2,'百威啤酒（500ml）','百威啤酒（500ml）','http://114.115.168.26:8080/images/sj20190305001/20190306140346u=1684792703,1422782175&fm=27&gp=0.jpg',10,'cp-sj20190305001-1-4'),('sj20190305001','cp-sj20190305001-2-9',2,'鸽子粥','鸽子粥是一道以鸽子、泰国香米为主要食材制作而成的美食。该粥品具有增加皮肤弹性，改善血液循环，加快伤口','http://114.115.168.26:8080/images/sj20190305001/20190309160052cdbf6c81800a19d8217bb81735fa828ba61e46a3.jpg',39.9,'cp-sj20190305001-1-3'),('sj20190324001','cp-sj20190324001-1-1',1,'素菜','新鲜肉类',NULL,NULL,NULL),('sj20190324001','cp-sj20190324001-1-2',1,'荤菜','环保食品',NULL,NULL,NULL),('sj20190324001','cp-sj20190324001-1-3',1,'水果','近两天进货',NULL,NULL,NULL),('sj20190324001','cp-sj20190324001-1-4',1,'饮料','冰霜饮料',NULL,NULL,NULL),('sj20190324001','cp-sj20190324001-2-3',2,'牛肉','新鲜牛肉','http://114.115.168.26:8080/images/sj20190324001/20190326122558niurou.jpg',10,'cp-sj20190324001-1-2'),('sj20190324001','cp-sj20190324001-2-5',2,'五花肉','新鲜肉质','http://114.115.168.26:8080/images/sj20190324001/20190326122558niurou.jpg',6,'cp-sj20190324001-1-2'),('sj20190324001','cp-sj20190324001-2-6',2,'芹菜','新鲜芹菜','http://114.115.168.26:8080/images/sj20190324001/20190326122413qincai.jpg',1.3,'cp-sj20190324001-1-1'),('sj20190324001','cp-sj20190324001-2-7',2,'芹菜','新鲜芹菜','http://114.115.168.26:8080/images/sj20190324001/20190326122413qincai.jpg',1.3,'cp-sj20190324001-1-1'),('sj20190505001','cp-sj20190505001-2-1',2,'1','1','',1,'122'),('sj20190505001','cp-sj20190505001-2-2',2,'1','2','',2,'122'),('sj20190505004','cp-sj20190505004-2-1',2,'1','12','',2,'122'),('sj20190302001','cpsj2019030200124',2,'规范化','工会经费脚后跟经过','http://114.115.168.26:8080/images/sj20190302001/20190305171159storm.jpg',44,'cp-sj20190302001-1-9'),('sj20190324001','cpsj2019032400126',2,'苹果','新鲜水果','http://114.115.168.26:8080/images/sj20190324001/20190326122739pingguo.jpg',6,'cp-sj20190324001-1-3'),('sj20190324001','cpsj2019032400127',2,'大白菜','新鲜蔬菜','http://114.115.168.26:8080/images/sj20190324001/20190326122842baicai.jpg',2,'cp-sj20190324001-1-1'),('sj20190324001','cpsj2019032400128',2,'红牛','凉爽饮料','http://114.115.168.26:8080/images/sj20190324001/20190326122911hongniu.jpg',5,'cp-sj20190324001-1-4');
/*!40000 ALTER TABLE `tb_cpxx` ENABLE KEYS */;
UNLOCK TABLES;

--
-- Table structure for table `tb_czxx`
--

DROP TABLE IF EXISTS `tb_czxx`;
/*!40101 SET @saved_cs_client     = @@character_set_client */;
/*!40101 SET character_set_client = utf8 */;
CREATE TABLE `tb_czxx` (
  `sjbh` varchar(20) NOT NULL,
  `czbh` varchar(30) DEFAULT NULL,
  `czewm` varchar(100) DEFAULT NULL,
  `czzt` int(11) NOT NULL
) ENGINE=InnoDB DEFAULT CHARSET=utf8;
/*!40101 SET character_set_client = @saved_cs_client */;

--
-- Dumping data for table `tb_czxx`
--

LOCK TABLES `tb_czxx` WRITE;
/*!40000 ALTER TABLE `tb_czxx` DISABLE KEYS */;
INSERT INTO `tb_czxx` VALUES ('sj20190302001','cz-sj20190302001-1','http://localhost:9000/user/welcome?czbh=cz-sj20190302001-1&sjbh=sj20190302001',0),('sj20190302001','cz-sj20190302001-2','http://localhost:9000/user/welcome?czbh=cz-sj20190302001-2&sjbh=sj20190302001',0),('sj20190302001','cz-sj20190302001-4','http://localhost:9000/user/welcome?czbh=cz-sj20190302001-4&sjbh=sj20190302001',0),('sj20190302001','cz-sj20190302001-5','http://localhost:9000/user/welcome?czbh=cz-sj20190302001-5&sjbh=sj20190302001',0),('sj20190302001','cz-sj20190302001-6','http://localhost:9000/user/welcome?czbh=cz-sj20190302001-6&sjbh=sj20190302001',0),('sj20190305001','cz-sj20190305001-1','http://114.115.168.26:9000/user/welcome?czbh=cz-sj20190305001-1&sjbh=sj20190305001',0),('sj20190305001','cz-sj20190305001-2','http://114.115.168.26:9000/user/welcome?czbh=cz-sj20190305001-2&sjbh=sj20190305001',0),('sj20190305001','cz-sj20190305001-3','http://114.115.168.26:9000/user/welcome?czbh=cz-sj20190305001-3&sjbh=sj20190305001',1),('sj20190305001','cz-sj20190305001-4','http://114.115.168.26:9000/user/welcome?czbh=cz-sj20190305001-4&sjbh=sj20190305001',0),('sj20190305001','cz-sj20190305001-5','http://114.115.168.26:9000/user/welcome?czbh=cz-sj20190305001-5&sjbh=sj20190305001',0),('sj20190305001','cz-sj20190305001-6','http://114.115.168.26:9000/user/welcome?czbh=cz-sj20190305001-6&sjbh=sj20190305001',0),('sj20190324001','cz-sj20190324001-1','http://114.115.168.26:8080/bysj/user/welcome?czbh=cz-sj20190324001-1&sjbh=sj20190324001',0),('sj20190324001','cz-sj20190324001-2','http://114.115.168.26:8080/bysj/user/welcome?czbh=cz-sj20190324001-2&sjbh=sj20190324001',0),('sj20190324001','cz-sj20190324001-3','http://114.115.168.26:8080/bysj/user/welcome?czbh=cz-sj20190324001-3&sjbh=sj20190324001',0),('sj20190324001','cz-sj20190324001-4','http://114.115.168.26:8080/bysj/user/welcome?czbh=cz-sj20190324001-4&sjbh=sj20190324001',0),('sj20190324001','cz-sj20190324001-5','http://114.115.168.26:8080/bysj/user/welcome?czbh=cz-sj20190324001-5&sjbh=sj20190324001',0),('sj20190324001','cz-sj20190324001-6','http://114.115.168.26:8080/bysj/user/welcome?czbh=cz-sj20190324001-6&sjbh=sj20190324001',0),('sj20190305001','cz-sj20190305001-7','http://114.115.168.26:9000/user/welcome?czbh=cz-sj20190305001-7&sjbh=sj20190305001',0),('sj20190505001','cz-sj20190505001-1','http://114.115.168.26:9000/user/welcome?czbh=cz-sj20190505001-1&sjbh=sj20190505001',0);
/*!40000 ALTER TABLE `tb_czxx` ENABLE KEYS */;
UNLOCK TABLES;

--
-- Table structure for table `tb_dd`
--

DROP TABLE IF EXISTS `tb_dd`;
/*!40101 SET @saved_cs_client     = @@character_set_client */;
/*!40101 SET character_set_client = utf8 */;
CREATE TABLE `tb_dd` (
  `sjbh` varchar(20) NOT NULL,
  `ddbh` varchar(50) DEFAULT NULL,
  `ddzbh` varchar(50) DEFAULT NULL,
  `czbh` varchar(30) DEFAULT NULL,
  `cpbh` varchar(50) DEFAULT NULL,
  `cpmc` varchar(20) DEFAULT NULL,
  `cpjg` double DEFAULT NULL,
  `ddzt` int(11) DEFAULT NULL,
  `ddsj` date DEFAULT NULL
) ENGINE=InnoDB DEFAULT CHARSET=utf8;
/*!40101 SET character_set_client = @saved_cs_client */;

--
-- Dumping data for table `tb_dd`
--

LOCK TABLES `tb_dd` WRITE;
/*!40000 ALTER TABLE `tb_dd` DISABLE KEYS */;
INSERT INTO `tb_dd` VALUES ('sj20190305001','dd-20190429212029-cz-sj20190305001-2',NULL,'cz-sj20190305001-2',NULL,NULL,122.4,0,'2019-04-29'),('sj20190305001','dd-20190429212029-cz-sj20190305001-2','ddz-dd-20190429212029-cz-sj20190305001-2-0','cz-sj20190305001-2','cp-sj20190305001-2-1','碳烤生蚝',7,0,NULL),('sj20190305001','dd-20190429212029-cz-sj20190305001-2','ddz-dd-20190429212029-cz-sj20190305001-2-1','cz-sj20190305001-2','cp-sj20190305001-2-1','碳烤生蚝',7,0,NULL),('sj20190305001','dd-20190429212029-cz-sj20190305001-2','ddz-dd-20190429212029-cz-sj20190305001-2-2','cz-sj20190305001-2','cp-sj20190305001-2-2','肥牛',17.5,0,NULL),('sj20190305001','dd-20190429212029-cz-sj20190305001-2','ddz-dd-20190429212029-cz-sj20190305001-2-3','cz-sj20190305001-2','cp-sj20190305001-2-3','掌中宝',15,0,NULL),('sj20190305001','dd-20190429212029-cz-sj20190305001-2','ddz-dd-20190429212029-cz-sj20190305001-2-4','cz-sj20190305001-2','cp-sj20190305001-2-5','炒老友粉',12,0,NULL),('sj20190305001','dd-20190429212029-cz-sj20190305001-2','ddz-dd-20190429212029-cz-sj20190305001-2-5','cz-sj20190305001-2','cp-sj20190305001-2-5','炒老友粉',12,0,NULL),('sj20190305001','dd-20190429212029-cz-sj20190305001-2','ddz-dd-20190429212029-cz-sj20190305001-2-6','cz-sj20190305001-2','cp-sj20190305001-2-6','炒伊面',12,0,NULL),('sj20190305001','dd-20190429212029-cz-sj20190305001-2','ddz-dd-20190429212029-cz-sj20190305001-2-7','cz-sj20190305001-2','cp-sj20190305001-2-7','海鲜粥',39.9,0,NULL),('sj20190305001','dd-20190429215400-cz-sj20190305001-1',NULL,'cz-sj20190305001-1',NULL,NULL,147.8,0,'2019-04-29'),('sj20190305001','dd-20190429215400-cz-sj20190305001-1','ddz-dd-20190429215400-cz-sj20190305001-1-0','cz-sj20190305001-1','cp-sj20190305001-2-1','碳烤生蚝',7,0,NULL),('sj20190305001','dd-20190429215400-cz-sj20190305001-1','ddz-dd-20190429215400-cz-sj20190305001-1-1','cz-sj20190305001-1','cp-sj20190305001-2-3','掌中宝',15,0,NULL),('sj20190305001','dd-20190429215400-cz-sj20190305001-1','ddz-dd-20190429215400-cz-sj20190305001-1-2','cz-sj20190305001-1','cp-sj20190305001-2-5','炒老友粉',12,0,NULL),('sj20190305001','dd-20190429215400-cz-sj20190305001-1','ddz-dd-20190429215400-cz-sj20190305001-1-3','cz-sj20190305001-1','cp-sj20190305001-2-5','炒老友粉',12,0,NULL),('sj20190305001','dd-20190429215400-cz-sj20190305001-1','ddz-dd-20190429215400-cz-sj20190305001-1-4','cz-sj20190305001-1','cp-sj20190305001-2-5','炒老友粉',12,0,NULL),('sj20190305001','dd-20190429215400-cz-sj20190305001-1','ddz-dd-20190429215400-cz-sj20190305001-1-5','cz-sj20190305001-1','cp-sj20190305001-2-7','海鲜粥',39.9,0,NULL),('sj20190305001','dd-20190429215400-cz-sj20190305001-1','ddz-dd-20190429215400-cz-sj20190305001-1-6','cz-sj20190305001-1','cp-sj20190305001-2-9','鸽子粥',39.9,0,NULL),('sj20190305001','dd-20190429215400-cz-sj20190305001-1','ddz-dd-20190429215400-cz-sj20190305001-1-7','cz-sj20190305001-1','cp-sj20190305001-2-8','百威啤酒（500ml）',10,0,NULL),('sj20190305001','dd-20190429220325-cz-sj20190305001-1',NULL,'cz-sj20190305001-1',NULL,NULL,115.4,0,'2019-04-29'),('sj20190305001','dd-20190429220325-cz-sj20190305001-1','ddz-dd-20190429220325-cz-sj20190305001-1-0','cz-sj20190305001-1','cp-sj20190305001-2-2','肥牛',17.5,0,NULL),('sj20190305001','dd-20190429220325-cz-sj20190305001-1','ddz-dd-20190429220325-cz-sj20190305001-1-1','cz-sj20190305001-1','cp-sj20190305001-2-4','韭菜心',10,0,NULL),('sj20190305001','dd-20190429220325-cz-sj20190305001-1','ddz-dd-20190429220325-cz-sj20190305001-1-2','cz-sj20190305001-1','cp-sj20190305001-2-5','炒老友粉',12,0,NULL),('sj20190305001','dd-20190429220325-cz-sj20190305001-1','ddz-dd-20190429220325-cz-sj20190305001-1-3','cz-sj20190305001-1','cp-sj20190305001-2-6','炒伊面',12,0,NULL),('sj20190305001','dd-20190429220325-cz-sj20190305001-1','ddz-dd-20190429220325-cz-sj20190305001-1-4','cz-sj20190305001-1','cp-sj20190305001-2-5','炒老友粉',12,0,NULL),('sj20190305001','dd-20190429220325-cz-sj20190305001-1','ddz-dd-20190429220325-cz-sj20190305001-1-5','cz-sj20190305001-1','cp-sj20190305001-2-5','炒老友粉',12,0,NULL),('sj20190305001','dd-20190429220325-cz-sj20190305001-1','ddz-dd-20190429220325-cz-sj20190305001-1-6','cz-sj20190305001-1','cp-sj20190305001-2-7','海鲜粥',39.9,0,NULL),('sj20190305001','dd-20190429220455-cz-sj20190305001-1',NULL,'cz-sj20190305001-1',NULL,NULL,105.4,0,'2019-04-29'),('sj20190305001','dd-20190429220455-cz-sj20190305001-1','ddz-dd-20190429220455-cz-sj20190305001-1-0','cz-sj20190305001-1','cp-sj20190305001-2-1','碳烤生蚝',7,0,NULL),('sj20190305001','dd-20190429220455-cz-sj20190305001-1','ddz-dd-20190429220455-cz-sj20190305001-1-1','cz-sj20190305001-1','cp-sj20190305001-2-2','肥牛',17.5,0,NULL),('sj20190305001','dd-20190429220455-cz-sj20190305001-1','ddz-dd-20190429220455-cz-sj20190305001-1-2','cz-sj20190305001-1','cp-sj20190305001-2-1','碳烤生蚝',7,0,NULL),('sj20190305001','dd-20190429220455-cz-sj20190305001-1','ddz-dd-20190429220455-cz-sj20190305001-1-3','cz-sj20190305001-1','cp-sj20190305001-2-4','韭菜心',10,0,NULL),('sj20190305001','dd-20190429220455-cz-sj20190305001-1','ddz-dd-20190429220455-cz-sj20190305001-1-4','cz-sj20190305001-1','cp-sj20190305001-2-5','炒老友粉',12,0,NULL),('sj20190305001','dd-20190429220455-cz-sj20190305001-1','ddz-dd-20190429220455-cz-sj20190305001-1-5','cz-sj20190305001-1','cp-sj20190305001-2-5','炒老友粉',12,0,NULL),('sj20190305001','dd-20190429220455-cz-sj20190305001-1','ddz-dd-20190429220455-cz-sj20190305001-1-6','cz-sj20190305001-1','cp-sj20190305001-2-7','海鲜粥',39.9,0,NULL),('sj20190305001','dd-20190429220538-cz-sj20190305001-1',NULL,'cz-sj20190305001-1',NULL,NULL,148.8,0,'2019-04-29'),('sj20190305001','dd-20190429220538-cz-sj20190305001-1','ddz-dd-20190429220538-cz-sj20190305001-1-0','cz-sj20190305001-1','cp-sj20190305001-2-1','碳烤生蚝',7,0,NULL),('sj20190305001','dd-20190429220538-cz-sj20190305001-1','ddz-dd-20190429220538-cz-sj20190305001-1-1','cz-sj20190305001-1','cp-sj20190305001-2-2','肥牛',17.5,0,NULL),('sj20190305001','dd-20190429220538-cz-sj20190305001-1','ddz-dd-20190429220538-cz-sj20190305001-1-2','cz-sj20190305001-1','cp-sj20190305001-2-3','掌中宝',15,0,NULL),('sj20190305001','dd-20190429220538-cz-sj20190305001-1','ddz-dd-20190429220538-cz-sj20190305001-1-3','cz-sj20190305001-1','cp-sj20190305001-2-2','肥牛',17.5,0,NULL),('sj20190305001','dd-20190429220538-cz-sj20190305001-1','ddz-dd-20190429220538-cz-sj20190305001-1-4','cz-sj20190305001-1','cp-sj20190305001-2-5','炒老友粉',12,0,NULL),('sj20190305001','dd-20190429220538-cz-sj20190305001-1','ddz-dd-20190429220538-cz-sj20190305001-1-5','cz-sj20190305001-1','cp-sj20190305001-2-7','海鲜粥',39.9,0,NULL),('sj20190305001','dd-20190429220538-cz-sj20190305001-1','ddz-dd-20190429220538-cz-sj20190305001-1-6','cz-sj20190305001-1','cp-sj20190305001-2-9','鸽子粥',39.9,0,NULL),('sj20190305001','dd-20190429220654-cz-sj20190305001-1',NULL,'cz-sj20190305001-1',NULL,NULL,93.4,0,'2019-04-29'),('sj20190305001','dd-20190429220654-cz-sj20190305001-1','ddz-dd-20190429220654-cz-sj20190305001-1-0','cz-sj20190305001-1','cp-sj20190305001-2-1','碳烤生蚝',7,0,NULL),('sj20190305001','dd-20190429220654-cz-sj20190305001-1','ddz-dd-20190429220654-cz-sj20190305001-1-1','cz-sj20190305001-1','cp-sj20190305001-2-1','碳烤生蚝',7,0,NULL),('sj20190305001','dd-20190429220654-cz-sj20190305001-1','ddz-dd-20190429220654-cz-sj20190305001-1-2','cz-sj20190305001-1','cp-sj20190305001-2-2','肥牛',17.5,0,NULL),('sj20190305001','dd-20190429220654-cz-sj20190305001-1','ddz-dd-20190429220654-cz-sj20190305001-1-3','cz-sj20190305001-1','cp-sj20190305001-2-4','韭菜心',10,0,NULL),('sj20190305001','dd-20190429220654-cz-sj20190305001-1','ddz-dd-20190429220654-cz-sj20190305001-1-4','cz-sj20190305001-1','cp-sj20190305001-2-5','炒老友粉',12,0,NULL),('sj20190305001','dd-20190429220654-cz-sj20190305001-1','ddz-dd-20190429220654-cz-sj20190305001-1-5','cz-sj20190305001-1','cp-sj20190305001-2-7','海鲜粥',39.9,0,NULL),('sj20190305001','dd-20190429220913-cz-sj20190305001-1',NULL,'cz-sj20190305001-1',NULL,NULL,54,0,'2019-04-29'),('sj20190305001','dd-20190429220913-cz-sj20190305001-1','ddz-dd-20190429220913-cz-sj20190305001-1-0','cz-sj20190305001-1','cp-sj20190305001-2-1','碳烤生蚝',7,0,NULL),('sj20190305001','dd-20190429220913-cz-sj20190305001-1','ddz-dd-20190429220913-cz-sj20190305001-1-1','cz-sj20190305001-1','cp-sj20190305001-2-2','肥牛',17.5,0,NULL),('sj20190305001','dd-20190429220913-cz-sj20190305001-1','ddz-dd-20190429220913-cz-sj20190305001-1-2','cz-sj20190305001-1','cp-sj20190305001-2-2','肥牛',17.5,0,NULL),('sj20190305001','dd-20190429220913-cz-sj20190305001-1','ddz-dd-20190429220913-cz-sj20190305001-1-3','cz-sj20190305001-1','cp-sj20190305001-2-5','炒老友粉',12,0,NULL),('sj20190305001','dd-20190429221053-cz-sj20190305001-1',NULL,'cz-sj20190305001-1',NULL,NULL,88.4,0,'2019-04-29'),('sj20190305001','dd-20190429221053-cz-sj20190305001-1','ddz-dd-20190429221053-cz-sj20190305001-1-0','cz-sj20190305001-1','cp-sj20190305001-2-1','碳烤生蚝',7,0,NULL),('sj20190305001','dd-20190429221053-cz-sj20190305001-1','ddz-dd-20190429221053-cz-sj20190305001-1-1','cz-sj20190305001-1','cp-sj20190305001-2-2','肥牛',17.5,0,NULL),('sj20190305001','dd-20190429221053-cz-sj20190305001-1','ddz-dd-20190429221053-cz-sj20190305001-1-2','cz-sj20190305001-1','cp-sj20190305001-2-5','炒老友粉',12,0,NULL),('sj20190305001','dd-20190429221053-cz-sj20190305001-1','ddz-dd-20190429221053-cz-sj20190305001-1-3','cz-sj20190305001-1','cp-sj20190305001-2-5','炒老友粉',12,0,NULL),('sj20190305001','dd-20190429221053-cz-sj20190305001-1','ddz-dd-20190429221053-cz-sj20190305001-1-4','cz-sj20190305001-1','cp-sj20190305001-2-7','海鲜粥',39.9,0,NULL),('sj20190305001','dd-20190429221153-cz-sj20190305001-1',NULL,'cz-sj20190305001-1',NULL,NULL,143.8,0,'2019-04-29'),('sj20190305001','dd-20190429221153-cz-sj20190305001-1','ddz-dd-20190429221153-cz-sj20190305001-1-0','cz-sj20190305001-1','cp-sj20190305001-2-1','碳烤生蚝',7,0,NULL),('sj20190305001','dd-20190429221153-cz-sj20190305001-1','ddz-dd-20190429221153-cz-sj20190305001-1-1','cz-sj20190305001-1','cp-sj20190305001-2-2','肥牛',17.5,0,NULL),('sj20190305001','dd-20190429221153-cz-sj20190305001-1','ddz-dd-20190429221153-cz-sj20190305001-1-2','cz-sj20190305001-1','cp-sj20190305001-2-2','肥牛',17.5,0,NULL),('sj20190305001','dd-20190429221153-cz-sj20190305001-1','ddz-dd-20190429221153-cz-sj20190305001-1-3','cz-sj20190305001-1','cp-sj20190305001-2-5','炒老友粉',12,0,NULL),('sj20190305001','dd-20190429221153-cz-sj20190305001-1','ddz-dd-20190429221153-cz-sj20190305001-1-4','cz-sj20190305001-1','cp-sj20190305001-2-7','海鲜粥',39.9,0,NULL),('sj20190305001','dd-20190429221153-cz-sj20190305001-1','ddz-dd-20190429221153-cz-sj20190305001-1-5','cz-sj20190305001-1','cp-sj20190305001-2-7','海鲜粥',39.9,0,NULL),('sj20190305001','dd-20190429221153-cz-sj20190305001-1','ddz-dd-20190429221153-cz-sj20190305001-1-6','cz-sj20190305001-1','cp-sj20190305001-2-8','百威啤酒（500ml）',10,0,NULL),('sj20190305001','dd-20190429221458-cz-sj20190305001-1',NULL,'cz-sj20190305001-1',NULL,NULL,110.9,0,'2019-04-29'),('sj20190305001','dd-20190429221458-cz-sj20190305001-1','ddz-dd-20190429221458-cz-sj20190305001-1-0','cz-sj20190305001-1','cp-sj20190305001-2-1','碳烤生蚝',7,0,NULL),('sj20190305001','dd-20190429221458-cz-sj20190305001-1','ddz-dd-20190429221458-cz-sj20190305001-1-1','cz-sj20190305001-1','cp-sj20190305001-2-1','碳烤生蚝',7,0,NULL),('sj20190305001','dd-20190429221458-cz-sj20190305001-1','ddz-dd-20190429221458-cz-sj20190305001-1-2','cz-sj20190305001-1','cp-sj20190305001-2-2','肥牛',17.5,0,NULL),('sj20190305001','dd-20190429221458-cz-sj20190305001-1','ddz-dd-20190429221458-cz-sj20190305001-1-3','cz-sj20190305001-1','cp-sj20190305001-2-2','肥牛',17.5,0,NULL),('sj20190305001','dd-20190429221458-cz-sj20190305001-1','ddz-dd-20190429221458-cz-sj20190305001-1-4','cz-sj20190305001-1','cp-sj20190305001-2-4','韭菜心',10,0,NULL),('sj20190305001','dd-20190429221458-cz-sj20190305001-1','ddz-dd-20190429221458-cz-sj20190305001-1-5','cz-sj20190305001-1','cp-sj20190305001-2-5','炒老友粉',12,0,NULL),('sj20190305001','dd-20190429221458-cz-sj20190305001-1','ddz-dd-20190429221458-cz-sj20190305001-1-6','cz-sj20190305001-1','cp-sj20190305001-2-7','海鲜粥',39.9,0,NULL),('sj20190305001','dd-20190429221746-cz-sj20190305001-1',NULL,'cz-sj20190305001-1',NULL,NULL,100.9,0,'2019-04-29'),('sj20190305001','dd-20190429221746-cz-sj20190305001-1','ddz-dd-20190429221746-cz-sj20190305001-1-0','cz-sj20190305001-1','cp-sj20190305001-2-1','碳烤生蚝',7,0,NULL),('sj20190305001','dd-20190429221746-cz-sj20190305001-1','ddz-dd-20190429221746-cz-sj20190305001-1-1','cz-sj20190305001-1','cp-sj20190305001-2-1','碳烤生蚝',7,0,NULL),('sj20190305001','dd-20190429221746-cz-sj20190305001-1','ddz-dd-20190429221746-cz-sj20190305001-1-2','cz-sj20190305001-1','cp-sj20190305001-2-2','肥牛',17.5,0,NULL),('sj20190305001','dd-20190429221746-cz-sj20190305001-1','ddz-dd-20190429221746-cz-sj20190305001-1-3','cz-sj20190305001-1','cp-sj20190305001-2-2','肥牛',17.5,0,NULL),('sj20190305001','dd-20190429221746-cz-sj20190305001-1','ddz-dd-20190429221746-cz-sj20190305001-1-4','cz-sj20190305001-1','cp-sj20190305001-2-5','炒老友粉',12,0,NULL),('sj20190305001','dd-20190429221746-cz-sj20190305001-1','ddz-dd-20190429221746-cz-sj20190305001-1-5','cz-sj20190305001-1','cp-sj20190305001-2-7','海鲜粥',39.9,0,NULL),('sj20190305001','dd-20190429222100-cz-sj20190305001-1',NULL,'cz-sj20190305001-1',NULL,NULL,41.5,0,'2019-04-29'),('sj20190305001','dd-20190429222100-cz-sj20190305001-1','ddz-dd-20190429222100-cz-sj20190305001-1-0','cz-sj20190305001-1','cp-sj20190305001-2-1','碳烤生蚝',7,0,NULL),('sj20190305001','dd-20190429222100-cz-sj20190305001-1','ddz-dd-20190429222100-cz-sj20190305001-1-1','cz-sj20190305001-1','cp-sj20190305001-2-1','碳烤生蚝',7,0,NULL),('sj20190305001','dd-20190429222100-cz-sj20190305001-1','ddz-dd-20190429222100-cz-sj20190305001-1-2','cz-sj20190305001-1','cp-sj20190305001-2-2','肥牛',17.5,0,NULL),('sj20190305001','dd-20190429222100-cz-sj20190305001-1','ddz-dd-20190429222100-cz-sj20190305001-1-3','cz-sj20190305001-1','cp-sj20190305001-2-4','韭菜心',10,0,NULL),('sj20190305001','dd-20190429222430-cz-sj20190305001-1',NULL,'cz-sj20190305001-1',NULL,NULL,51.5,0,'2019-04-29'),('sj20190305001','dd-20190429222430-cz-sj20190305001-1','ddz-dd-20190429222430-cz-sj20190305001-1-0','cz-sj20190305001-1','cp-sj20190305001-2-1','碳烤生蚝',7,0,NULL),('sj20190305001','dd-20190429222430-cz-sj20190305001-1','ddz-dd-20190429222430-cz-sj20190305001-1-1','cz-sj20190305001-1','cp-sj20190305001-2-2','肥牛',17.5,0,NULL),('sj20190305001','dd-20190429222430-cz-sj20190305001-1','ddz-dd-20190429222430-cz-sj20190305001-1-2','cz-sj20190305001-1','cp-sj20190305001-2-3','掌中宝',15,0,NULL),('sj20190305001','dd-20190429222430-cz-sj20190305001-1','ddz-dd-20190429222430-cz-sj20190305001-1-3','cz-sj20190305001-1','cp-sj20190305001-2-5','炒老友粉',12,0,NULL),('sj20190305001','dd-20190429222507-cz-sj20190305001-1',NULL,'cz-sj20190305001-1',NULL,NULL,34.5,0,'2019-04-29'),('sj20190305001','dd-20190429222507-cz-sj20190305001-1','ddz-dd-20190429222507-cz-sj20190305001-1-0','cz-sj20190305001-1','cp-sj20190305001-2-1','碳烤生蚝',7,0,NULL),('sj20190305001','dd-20190429222507-cz-sj20190305001-1','ddz-dd-20190429222507-cz-sj20190305001-1-1','cz-sj20190305001-1','cp-sj20190305001-2-2','肥牛',17.5,0,NULL),('sj20190305001','dd-20190429222507-cz-sj20190305001-1','ddz-dd-20190429222507-cz-sj20190305001-1-2','cz-sj20190305001-1','cp-sj20190305001-2-4','韭菜心',10,0,NULL),('sj20190305001','dd-20190429222550-cz-sj20190305001-1',NULL,'cz-sj20190305001-1',NULL,NULL,26,0,'2019-04-29'),('sj20190305001','dd-20190429222550-cz-sj20190305001-1','ddz-dd-20190429222550-cz-sj20190305001-1-0','cz-sj20190305001-1','cp-sj20190305001-2-1','碳烤生蚝',7,0,NULL),('sj20190305001','dd-20190429222550-cz-sj20190305001-1','ddz-dd-20190429222550-cz-sj20190305001-1-1','cz-sj20190305001-1','cp-sj20190305001-2-1','碳烤生蚝',7,0,NULL),('sj20190305001','dd-20190429222550-cz-sj20190305001-1','ddz-dd-20190429222550-cz-sj20190305001-1-2','cz-sj20190305001-1','cp-sj20190305001-2-6','炒伊面',12,0,NULL),('sj20190305001','dd-20190429222939-cz-sj20190305001-1',NULL,'cz-sj20190305001-1',NULL,NULL,110.9,0,'2019-04-29'),('sj20190305001','dd-20190429222939-cz-sj20190305001-1','ddz-dd-20190429222939-cz-sj20190305001-1-0','cz-sj20190305001-1','cp-sj20190305001-2-1','碳烤生蚝',7,0,NULL),('sj20190305001','dd-20190429222939-cz-sj20190305001-1','ddz-dd-20190429222939-cz-sj20190305001-1-1','cz-sj20190305001-1','cp-sj20190305001-2-3','掌中宝',15,0,NULL),('sj20190305001','dd-20190429222939-cz-sj20190305001-1','ddz-dd-20190429222939-cz-sj20190305001-1-2','cz-sj20190305001-1','cp-sj20190305001-2-3','掌中宝',15,0,NULL),('sj20190305001','dd-20190429222939-cz-sj20190305001-1','ddz-dd-20190429222939-cz-sj20190305001-1-3','cz-sj20190305001-1','cp-sj20190305001-2-5','炒老友粉',12,0,NULL),('sj20190305001','dd-20190429222939-cz-sj20190305001-1','ddz-dd-20190429222939-cz-sj20190305001-1-4','cz-sj20190305001-1','cp-sj20190305001-2-6','炒伊面',12,0,NULL),('sj20190305001','dd-20190429222939-cz-sj20190305001-1','ddz-dd-20190429222939-cz-sj20190305001-1-5','cz-sj20190305001-1','cp-sj20190305001-2-9','鸽子粥',39.9,0,NULL),('sj20190305001','dd-20190429222939-cz-sj20190305001-1','ddz-dd-20190429222939-cz-sj20190305001-1-6','cz-sj20190305001-1','cp-sj20190305001-2-8','百威啤酒（500ml）',10,0,NULL),('sj20190305001','dd-20190429223519-cz-sj20190305001-1',NULL,'cz-sj20190305001-1',NULL,NULL,49.5,0,'2019-04-29'),('sj20190305001','dd-20190429223519-cz-sj20190305001-1','ddz-dd-20190429223519-cz-sj20190305001-1-0','cz-sj20190305001-1','cp-sj20190305001-2-1','碳烤生蚝',7,0,NULL),('sj20190305001','dd-20190429223519-cz-sj20190305001-1','ddz-dd-20190429223519-cz-sj20190305001-1-1','cz-sj20190305001-1','cp-sj20190305001-2-1','碳烤生蚝',7,0,NULL),('sj20190305001','dd-20190429223519-cz-sj20190305001-1','ddz-dd-20190429223519-cz-sj20190305001-1-2','cz-sj20190305001-1','cp-sj20190305001-2-10','皮蛋瘦肉粥',25.5,0,NULL),('sj20190305001','dd-20190429223519-cz-sj20190305001-1','ddz-dd-20190429223519-cz-sj20190305001-1-3','cz-sj20190305001-1','cp-sj20190305001-2-8','百威啤酒（500ml）',10,0,NULL),('sj20190305001','dd-20190429223719-cz-sj20190305001-2',NULL,'cz-sj20190305001-2',NULL,NULL,174.3,0,'2019-04-29'),('sj20190305001','dd-20190429223719-cz-sj20190305001-2','ddz-dd-20190429223719-cz-sj20190305001-2-0','cz-sj20190305001-2','cp-sj20190305001-2-2','肥牛',17.5,0,NULL),('sj20190305001','dd-20190429223719-cz-sj20190305001-2','ddz-dd-20190429223719-cz-sj20190305001-2-1','cz-sj20190305001-2','cp-sj20190305001-2-2','肥牛',17.5,0,NULL),('sj20190305001','dd-20190429223719-cz-sj20190305001-2','ddz-dd-20190429223719-cz-sj20190305001-2-2','cz-sj20190305001-2','cp-sj20190305001-2-2','肥牛',17.5,0,NULL),('sj20190305001','dd-20190429223719-cz-sj20190305001-2','ddz-dd-20190429223719-cz-sj20190305001-2-3','cz-sj20190305001-2','cp-sj20190305001-2-4','韭菜心',10,0,NULL),('sj20190305001','dd-20190429223719-cz-sj20190305001-2','ddz-dd-20190429223719-cz-sj20190305001-2-4','cz-sj20190305001-2','cp-sj20190305001-2-4','韭菜心',10,0,NULL),('sj20190305001','dd-20190429223719-cz-sj20190305001-2','ddz-dd-20190429223719-cz-sj20190305001-2-5','cz-sj20190305001-2','cp-sj20190305001-2-5','炒老友粉',12,0,NULL),('sj20190305001','dd-20190429223719-cz-sj20190305001-2','ddz-dd-20190429223719-cz-sj20190305001-2-6','cz-sj20190305001-2','cp-sj20190305001-2-7','海鲜粥',39.9,0,NULL),('sj20190305001','dd-20190429223719-cz-sj20190305001-2','ddz-dd-20190429223719-cz-sj20190305001-2-7','cz-sj20190305001-2','cp-sj20190305001-2-9','鸽子粥',39.9,0,NULL),('sj20190305001','dd-20190429223719-cz-sj20190305001-2','ddz-dd-20190429223719-cz-sj20190305001-2-8','cz-sj20190305001-2','cp-sj20190305001-2-8','百威啤酒（500ml）',10,0,NULL),('sj20190305001','dd-20190429223939-cz-sj20190305001-2',NULL,'cz-sj20190305001-2',NULL,NULL,86.4,0,'2019-04-29'),('sj20190305001','dd-20190429223939-cz-sj20190305001-2','ddz-dd-20190429223939-cz-sj20190305001-2-0','cz-sj20190305001-2','cp-sj20190305001-2-1','碳烤生蚝',7,0,NULL),('sj20190305001','dd-20190429223939-cz-sj20190305001-2','ddz-dd-20190429223939-cz-sj20190305001-2-1','cz-sj20190305001-2','cp-sj20190305001-2-2','肥牛',17.5,0,NULL),('sj20190305001','dd-20190429223939-cz-sj20190305001-2','ddz-dd-20190429223939-cz-sj20190305001-2-2','cz-sj20190305001-2','cp-sj20190305001-2-5','炒老友粉',12,0,NULL),('sj20190305001','dd-20190429223939-cz-sj20190305001-2','ddz-dd-20190429223939-cz-sj20190305001-2-3','cz-sj20190305001-2','cp-sj20190305001-2-7','海鲜粥',39.9,0,NULL),('sj20190305001','dd-20190429223939-cz-sj20190305001-2','ddz-dd-20190429223939-cz-sj20190305001-2-4','cz-sj20190305001-2','cp-sj20190305001-2-8','百威啤酒（500ml）',10,0,NULL),('sj20190305001','dd-20190429225459-cz-sj20190305001-4',NULL,'cz-sj20190305001-4',NULL,NULL,150.8,0,'2019-04-29'),('sj20190305001','dd-20190429225459-cz-sj20190305001-4','ddz-dd-20190429225459-cz-sj20190305001-4-0','cz-sj20190305001-4','cp-sj20190305001-2-3','掌中宝',15,0,NULL),('sj20190305001','dd-20190429225459-cz-sj20190305001-4','ddz-dd-20190429225459-cz-sj20190305001-4-1','cz-sj20190305001-4','cp-sj20190305001-2-4','韭菜心',10,0,NULL),('sj20190305001','dd-20190429225459-cz-sj20190305001-4','ddz-dd-20190429225459-cz-sj20190305001-4-2','cz-sj20190305001-4','cp-sj20190305001-2-5','炒老友粉',12,0,NULL),('sj20190305001','dd-20190429225459-cz-sj20190305001-4','ddz-dd-20190429225459-cz-sj20190305001-4-3','cz-sj20190305001-4','cp-sj20190305001-2-5','炒老友粉',12,0,NULL),('sj20190305001','dd-20190429225459-cz-sj20190305001-4','ddz-dd-20190429225459-cz-sj20190305001-4-4','cz-sj20190305001-4','cp-sj20190305001-2-7','海鲜粥',39.9,0,NULL),('sj20190305001','dd-20190429225459-cz-sj20190305001-4','ddz-dd-20190429225459-cz-sj20190305001-4-5','cz-sj20190305001-4','cp-sj20190305001-2-9','鸽子粥',39.9,0,NULL),('sj20190305001','dd-20190429225459-cz-sj20190305001-4','ddz-dd-20190429225459-cz-sj20190305001-4-6','cz-sj20190305001-4','cp-sj20190305001-2-8','百威啤酒（500ml）',10,0,NULL),('sj20190305001','dd-20190429225459-cz-sj20190305001-4','ddz-dd-20190429225459-cz-sj20190305001-4-7','cz-sj20190305001-4','cp-sj20190305001-2-6','炒伊面',12,0,NULL),('sj20190305001','dd-20190429230105-cz-sj20190305001-3',NULL,'cz-sj20190305001-3',NULL,NULL,64.4,1,'2019-04-29'),('sj20190305001','dd-20190429230105-cz-sj20190305001-3','ddz-dd-20190429230105-cz-sj20190305001-3-0','cz-sj20190305001-3','cp-sj20190305001-2-1','碳烤生蚝',7,2,NULL),('sj20190305001','dd-20190429230105-cz-sj20190305001-3','ddz-dd-20190429230105-cz-sj20190305001-3-1','cz-sj20190305001-3','cp-sj20190305001-2-2','肥牛',17.5,2,NULL),('sj20190305001','dd-20190429230105-cz-sj20190305001-3','ddz-dd-20190429230105-cz-sj20190305001-3-2','cz-sj20190305001-3','cp-sj20190305001-2-9','鸽子粥',39.9,2,NULL);
/*!40000 ALTER TABLE `tb_dd` ENABLE KEYS */;
UNLOCK TABLES;

--
-- Table structure for table `tb_sjxx`
--

DROP TABLE IF EXISTS `tb_sjxx`;
/*!40101 SET @saved_cs_client     = @@character_set_client */;
/*!40101 SET character_set_client = utf8 */;
CREATE TABLE `tb_sjxx` (
  `sjbh` varchar(20) NOT NULL,
  `zh` varchar(20) NOT NULL,
  `mm` varchar(20) NOT NULL,
  `sjmc` varchar(20) DEFAULT NULL,
  `dh` varchar(20) DEFAULT NULL,
  `yysj` varchar(20) DEFAULT NULL,
  `ctjj` varchar(50) DEFAULT NULL,
  PRIMARY KEY (`sjbh`)
) ENGINE=InnoDB DEFAULT CHARSET=utf8;
/*!40101 SET character_set_client = @saved_cs_client */;

--
-- Dumping data for table `tb_sjxx`
--

LOCK TABLES `tb_sjxx` WRITE;
/*!40000 ALTER TABLE `tb_sjxx` DISABLE KEYS */;
INSERT INTO `tb_sjxx` VALUES ('sj20190302001','shangjia1','shangjia1','商家1','18877771111','早上10：00~晚上11：00','阿斯蒂芬阿斯蒂芬反对共阿斯蒂芬阿斯蒂1111'),('sj20190302002','shangjia2','shangjia2','商家2',NULL,NULL,NULL),('sj20190302003','shangjia3','shangjia3','商家3',NULL,NULL,NULL),('sj20190302004','shangjia4','shangjia4','商家4',NULL,NULL,NULL),('sj20190302005','shangjia5','shangjia5','商家5',NULL,NULL,NULL),('sj20190305001','test26','test26','26服务器测试','18866668888','早10：00~晚10：00','26服务器测试26服务器测试26服务器测试26服务器测试26服务器测试26服务器测试26服务器测试2'),('sj20190324001','qinyu','qinyu','覃煜','18888888888','早6:00~晚11:00',' 广西民族大学食堂系统'),('sj20190423001','zxcv','zxcv','zxcv',NULL,NULL,NULL),('sj20190505001','1','1','1','2','2','3'),('sj20190505002','1','1','1',NULL,NULL,NULL),('sj20190505003','1','1','1',NULL,NULL,NULL),('sj20190505004','2','2','2',NULL,NULL,NULL);
/*!40000 ALTER TABLE `tb_sjxx` ENABLE KEYS */;
UNLOCK TABLES;
/*!40103 SET TIME_ZONE=@OLD_TIME_ZONE */;

/*!40101 SET SQL_MODE=@OLD_SQL_MODE */;
/*!40014 SET FOREIGN_KEY_CHECKS=@OLD_FOREIGN_KEY_CHECKS */;
/*!40014 SET UNIQUE_CHECKS=@OLD_UNIQUE_CHECKS */;
/*!40101 SET CHARACTER_SET_CLIENT=@OLD_CHARACTER_SET_CLIENT */;
/*!40101 SET CHARACTER_SET_RESULTS=@OLD_CHARACTER_SET_RESULTS */;
/*!40101 SET COLLATION_CONNECTION=@OLD_COLLATION_CONNECTION */;
/*!40111 SET SQL_NOTES=@OLD_SQL_NOTES */;

-- Dump completed on 2019-05-05 18:54:18
